activation,n_positive,n_negative,lower_lr,upper_lr,total_loss
sigmoid,1,1,-6,-6,0.504267578125
sigmoid,1,1,-6,-5,0.4971728515625
sigmoid,1,1,-6,-4,0.495947265625
sigmoid,1,1,-6,-3,0.496240234375
sigmoid,1,1,-6,-2,0.50890625
sigmoid,1,1,-6,-1,0.4997265625
sigmoid,1,1,-6,0,0.5030712890625
sigmoid,4,1,-6,-6,0.485302734375
sigmoid,4,1,-6,-5,0.491259765625
sigmoid,4,1,-6,-4,0.494970703125
sigmoid,4,1,-6,-3,0.482666015625
sigmoid,4,1,-6,-2,0.4893115234375
sigmoid,4,1,-6,-1,0.4922265625
sigmoid,4,1,-6,0,0.4897900390625
sigmoid,7,1,-6,-6,0.4966796875
sigmoid,7,1,-6,-5,0.500048828125
sigmoid,7,1,-6,-4,0.50107421875
sigmoid,7,1,-6,-3,0.50498046875
sigmoid,7,1,-6,-2,0.519140625
sigmoid,7,1,-6,-1,0.500830078125
sigmoid,7,1,-6,0,0.489208984375
sigmoid,1,4,-6,-6,0.513623046875
sigmoid,1,4,-6,-5,0.502734375
sigmoid,1,4,-6,-4,0.504345703125
sigmoid,1,4,-6,-3,0.493359375
sigmoid,1,4,-6,-2,0.4965576171875
sigmoid,1,4,-6,-1,0.4947265625
sigmoid,1,4,-6,0,0.4919384765625
sigmoid,4,4,-6,-6,0.50568359375
sigmoid,4,4,-6,-5,0.506328125
sigmoid,4,4,-6,-4,0.5182177734375
sigmoid,4,4,-6,-3,0.5075146484375
sigmoid,4,4,-6,-2,0.50015625
sigmoid,4,4,-6,-1,0.4473974609375
sigmoid,4,4,-6,0,0.3677880859375
sigmoid,7,4,-6,-6,0.502099609375
sigmoid,7,4,-6,-5,0.508837890625
sigmoid,7,4,-6,-4,0.49775390625
sigmoid,7,4,-6,-3,0.51240234375
sigmoid,7,4,-6,-2,0.502626953125
sigmoid,7,4,-6,-1,0.4983447265625
sigmoid,7,4,-6,0,0.464052734375
sigmoid,1,7,-6,-6,0.5140625
sigmoid,1,7,-6,-5,0.510498046875
sigmoid,1,7,-6,-4,0.50146484375
sigmoid,1,7,-6,-3,0.503173828125
sigmoid,1,7,-6,-2,0.49658203125
sigmoid,1,7,-6,-1,0.49716796875
sigmoid,1,7,-6,0,0.50185546875
sigmoid,4,7,-6,-6,0.499462890625
sigmoid,4,7,-6,-5,0.502490234375
sigmoid,4,7,-6,-4,0.5136962890625
sigmoid,4,7,-6,-3,0.5086962890625
sigmoid,4,7,-6,-2,0.5032421875
sigmoid,4,7,-6,-1,0.50275390625
sigmoid,4,7,-6,0,0.480751953125
sigmoid,7,7,-6,-6,0.49404296875
sigmoid,7,7,-6,-5,0.4818994140625
sigmoid,7,7,-6,-4,0.516630859375
sigmoid,7,7,-6,-3,0.4955517578125
sigmoid,7,7,-6,-2,0.499755859375
sigmoid,7,7,-6,-1,0.4714013671875
sigmoid,7,7,-6,0,0.3932568359375
sigmoid,1,1,-5,-5,0.4992822265625
sigmoid,1,1,-5,-4,0.48814453125
sigmoid,1,1,-5,-3,0.5180078125
sigmoid,1,1,-5,-2,0.5138232421875
sigmoid,1,1,-5,-1,0.5024560546875
sigmoid,1,1,-5,0,0.4969775390625
sigmoid,4,1,-5,-5,0.515625
sigmoid,4,1,-5,-4,0.504052734375
sigmoid,4,1,-5,-3,0.499833984375
sigmoid,4,1,-5,-2,0.5015576171875
sigmoid,4,1,-5,-1,0.5016015625
sigmoid,4,1,-5,0,0.502470703125
sigmoid,7,1,-5,-5,0.495947265625
sigmoid,7,1,-5,-4,0.494580078125
sigmoid,7,1,-5,-3,0.50986328125
sigmoid,7,1,-5,-2,0.50126953125
sigmoid,7,1,-5,-1,0.493701171875
sigmoid,7,1,-5,0,0.497265625
sigmoid,1,4,-5,-5,0.50361328125
sigmoid,1,4,-5,-4,0.4990234375
sigmoid,1,4,-5,-3,0.512109375
sigmoid,1,4,-5,-2,0.51501953125
sigmoid,1,4,-5,-1,0.5168115234375
sigmoid,1,4,-5,0,0.4889599609375
sigmoid,4,4,-5,-5,0.508447265625
sigmoid,4,4,-5,-4,0.4865087890625
sigmoid,4,4,-5,-3,0.4847119140625
sigmoid,4,4,-5,-2,0.478408203125
sigmoid,4,4,-5,-1,0.434833984375
sigmoid,4,4,-5,0,0.3650732421875
sigmoid,7,4,-5,-5,0.496875
sigmoid,7,4,-5,-4,0.50263671875
sigmoid,7,4,-5,-3,0.50654296875
sigmoid,7,4,-5,-2,0.4947412109375
sigmoid,7,4,-5,-1,0.4898681640625
sigmoid,7,4,-5,0,0.4777685546875
sigmoid,1,7,-5,-5,0.495556640625
sigmoid,1,7,-5,-4,0.509521484375
sigmoid,1,7,-5,-3,0.489111328125
sigmoid,1,7,-5,-2,0.486767578125
sigmoid,1,7,-5,-1,0.50703125
sigmoid,1,7,-5,0,0.507861328125
sigmoid,4,7,-5,-5,0.501123046875
sigmoid,4,7,-5,-4,0.510107421875
sigmoid,4,7,-5,-3,0.510302734375
sigmoid,4,7,-5,-2,0.504189453125
sigmoid,4,7,-5,-1,0.484375
sigmoid,4,7,-5,0,0.427626953125
sigmoid,7,7,-5,-5,0.5050390625
sigmoid,7,7,-5,-4,0.5080810546875
sigmoid,7,7,-5,-3,0.4867578125
sigmoid,7,7,-5,-2,0.485830078125
sigmoid,7,7,-5,-1,0.4560009765625
sigmoid,7,7,-5,0,0.3882373046875
sigmoid,1,1,-4,-4,0.49634765625
sigmoid,1,1,-4,-3,0.5052734375
sigmoid,1,1,-4,-2,0.480126953125
sigmoid,1,1,-4,-1,0.500732421875
sigmoid,1,1,-4,0,0.496083984375
sigmoid,4,1,-4,-4,0.48974609375
sigmoid,4,1,-4,-3,0.4995849609375
sigmoid,4,1,-4,-2,0.4994140625
sigmoid,4,1,-4,-1,0.5039697265625
sigmoid,4,1,-4,0,0.4912451171875
sigmoid,7,1,-4,-4,0.505078125
sigmoid,7,1,-4,-3,0.5029296875
sigmoid,7,1,-4,-2,0.49580078125
sigmoid,7,1,-4,-1,0.49287109375
sigmoid,7,1,-4,0,0.48720703125
sigmoid,1,4,-4,-4,0.50693359375
sigmoid,1,4,-4,-3,0.5089404296875
sigmoid,1,4,-4,-2,0.486435546875
sigmoid,1,4,-4,-1,0.4843798828125
sigmoid,1,4,-4,0,0.4921142578125
sigmoid,4,4,-4,-4,0.500634765625
sigmoid,4,4,-4,-3,0.5012890625
sigmoid,4,4,-4,-2,0.475078125
sigmoid,4,4,-4,-1,0.470517578125
sigmoid,4,4,-4,0,0.335810546875
sigmoid,7,4,-4,-4,0.49541015625
sigmoid,7,4,-4,-3,0.486630859375
sigmoid,7,4,-4,-2,0.4915380859375
sigmoid,7,4,-4,-1,0.485322265625
sigmoid,7,4,-4,0,0.45216796875
sigmoid,1,7,-4,-4,0.51123046875
sigmoid,1,7,-4,-3,0.503759765625
sigmoid,1,7,-4,-2,0.49345703125
sigmoid,1,7,-4,-1,0.484423828125
sigmoid,1,7,-4,0,0.495029296875
sigmoid,4,7,-4,-4,0.4931103515625
sigmoid,4,7,-4,-3,0.492236328125
sigmoid,4,7,-4,-2,0.495283203125
sigmoid,4,7,-4,-1,0.49224609375
sigmoid,4,7,-4,0,0.3888427734375
sigmoid,7,7,-4,-4,0.5050390625
sigmoid,7,7,-4,-3,0.50791015625
sigmoid,7,7,-4,-2,0.491513671875
sigmoid,7,7,-4,-1,0.467099609375
sigmoid,7,7,-4,0,0.3663134765625
sigmoid,1,1,-3,-3,0.4912158203125
sigmoid,1,1,-3,-2,0.49310546875
sigmoid,1,1,-3,-1,0.4809521484375
sigmoid,1,1,-3,0,0.4946826171875
sigmoid,4,1,-3,-3,0.5151318359375
sigmoid,4,1,-3,-2,0.505537109375
sigmoid,4,1,-3,-1,0.48654296875
sigmoid,4,1,-3,0,0.4856494140625
sigmoid,7,1,-3,-3,0.49677734375
sigmoid,7,1,-3,-2,0.5059375
sigmoid,7,1,-3,-1,0.504189453125
sigmoid,7,1,-3,0,0.4976318359375
sigmoid,1,4,-3,-3,0.5015869140625
sigmoid,1,4,-3,-2,0.49439453125
sigmoid,1,4,-3,-1,0.489873046875
sigmoid,1,4,-3,0,0.45791015625
sigmoid,4,4,-3,-3,0.4988623046875
sigmoid,4,4,-3,-2,0.494375
sigmoid,4,4,-3,-1,0.435009765625
sigmoid,4,4,-3,0,0.320673828125
sigmoid,7,4,-3,-3,0.4856201171875
sigmoid,7,4,-3,-2,0.4777734375
sigmoid,7,4,-3,-1,0.48201171875
sigmoid,7,4,-3,0,0.3648486328125
sigmoid,1,7,-3,-3,0.509033203125
sigmoid,1,7,-3,-2,0.5005908203125
sigmoid,1,7,-3,-1,0.497744140625
sigmoid,1,7,-3,0,0.5028955078125
sigmoid,4,7,-3,-3,0.5145556640625
sigmoid,4,7,-3,-2,0.4935693359375
sigmoid,4,7,-3,-1,0.4728076171875
sigmoid,4,7,-3,0,0.3861328125
sigmoid,7,7,-3,-3,0.4978564453125
sigmoid,7,7,-3,-2,0.482431640625
sigmoid,7,7,-3,-1,0.451513671875
sigmoid,7,7,-3,0,0.343388671875
sigmoid,1,1,-2,-2,0.43908203125
sigmoid,1,1,-2,-1,0.4387548828125
sigmoid,1,1,-2,0,0.462529296875
sigmoid,4,1,-2,-2,0.4755615234375
sigmoid,4,1,-2,-1,0.4893359375
sigmoid,4,1,-2,0,0.480947265625
sigmoid,7,1,-2,-2,0.5119921875
sigmoid,7,1,-2,-1,0.491142578125
sigmoid,7,1,-2,0,0.483154296875
sigmoid,1,4,-2,-2,0.497626953125
sigmoid,1,4,-2,-1,0.4932568359375
sigmoid,1,4,-2,0,0.4858837890625
sigmoid,4,4,-2,-2,0.439833984375
sigmoid,4,4,-2,-1,0.42
sigmoid,4,4,-2,0,0.3128564453125
sigmoid,7,4,-2,-2,0.4866748046875
sigmoid,7,4,-2,-1,0.4245166015625
sigmoid,7,4,-2,0,0.3141796875
sigmoid,1,7,-2,-2,0.493603515625
sigmoid,1,7,-2,-1,0.49697265625
sigmoid,1,7,-2,0,0.499150390625
sigmoid,4,7,-2,-2,0.482294921875
sigmoid,4,7,-2,-1,0.436494140625
sigmoid,4,7,-2,0,0.37123046875
sigmoid,7,7,-2,-2,0.444765625
sigmoid,7,7,-2,-1,0.4330224609375
sigmoid,7,7,-2,0,0.291513671875
sigmoid,1,1,-1,-1,0.25599609375
sigmoid,1,1,-1,0,0.24791015625
sigmoid,4,1,-1,-1,0.4060302734375
sigmoid,4,1,-1,0,0.38869140625
sigmoid,7,1,-1,-1,0.4784716796875
sigmoid,7,1,-1,0,0.4701416015625
sigmoid,1,4,-1,-1,0.4325927734375
sigmoid,1,4,-1,0,0.3852978515625
sigmoid,4,4,-1,-1,0.39046875
sigmoid,4,4,-1,0,0.2212158203125
sigmoid,7,4,-1,-1,0.3572314453125
sigmoid,7,4,-1,0,0.30576171875
sigmoid,1,7,-1,-1,0.4852197265625
sigmoid,1,7,-1,0,0.4744873046875
sigmoid,4,7,-1,-1,0.360498046875
sigmoid,4,7,-1,0,0.2823681640625
sigmoid,7,7,-1,-1,0.3414404296875
sigmoid,7,7,-1,0,0.2381982421875
sigmoid,1,1,0,0,0.234208984375
sigmoid,4,1,0,0,0.3105908203125
sigmoid,7,1,0,0,0.401123046875
sigmoid,1,4,0,0,0.2924951171875
sigmoid,4,4,0,0,0.197197265625
sigmoid,7,4,0,0,0.2008251953125
sigmoid,1,7,0,0,0.3929345703125
sigmoid,4,7,0,0,0.241806640625
sigmoid,7,7,0,0,0.1884326171875
relu,1,1,-6,-6,0.61587890625
relu,1,1,-6,-5,0.64310546875
relu,1,1,-6,-4,0.700966796875
relu,1,1,-6,-3,0.6184912109375
relu,1,1,-6,-2,0.5846728515625
relu,1,1,-6,-1,0.730107421875
relu,1,1,-6,0,0.6018310546875
relu,4,1,-6,-6,0.5430322265625
relu,4,1,-6,-5,0.5289013671875
relu,4,1,-6,-4,0.5258984375
relu,4,1,-6,-3,0.54951171875
relu,4,1,-6,-2,0.5432666015625
relu,4,1,-6,-1,0.433583984375
relu,4,1,-6,0,0.48861328125
relu,7,1,-6,-6,0.4975634765625
relu,7,1,-6,-5,0.521044921875
relu,7,1,-6,-4,0.49447265625
relu,7,1,-6,-3,0.497734375
relu,7,1,-6,-2,0.517607421875
relu,7,1,-6,-1,0.483232421875
relu,7,1,-6,0,0.494814453125
relu,1,4,-6,-6,0.5088720703125
relu,1,4,-6,-5,0.5141259765625
relu,1,4,-6,-4,0.529423828125
relu,1,4,-6,-3,0.5365283203125
relu,1,4,-6,-2,0.6276025390625
relu,1,4,-6,-1,0.5412548828125
relu,1,4,-6,0,0.5486767578125
relu,4,4,-6,-6,0.49587890625
relu,4,4,-6,-5,0.4853076171875
relu,4,4,-6,-4,0.5206201171875
relu,4,4,-6,-3,0.5003759765625
relu,4,4,-6,-2,0.4982763671875
relu,4,4,-6,-1,0.4540185546875
relu,4,4,-6,0,0.3732958984375
relu,7,4,-6,-6,0.499765625
relu,7,4,-6,-5,0.5005224609375
relu,7,4,-6,-4,0.5152978515625
relu,7,4,-6,-3,0.4980029296875
relu,7,4,-6,-2,0.48779296875
relu,7,4,-6,-1,0.435966796875
relu,7,4,-6,0,0.41427734375
relu,1,7,-6,-6,0.506689453125
relu,1,7,-6,-5,0.510517578125
relu,1,7,-6,-4,0.518251953125
relu,1,7,-6,-3,0.515478515625
relu,1,7,-6,-2,0.5134521484375
relu,1,7,-6,-1,0.4914501953125
relu,1,7,-6,0,0.505947265625
relu,4,7,-6,-6,0.4965234375
relu,4,7,-6,-5,0.485400390625
relu,4,7,-6,-4,0.4956103515625
relu,4,7,-6,-3,0.5087841796875
relu,4,7,-6,-2,0.4929736328125
relu,4,7,-6,-1,0.437373046875
relu,4,7,-6,0,0.404345703125
relu,7,7,-6,-6,0.5118896484375
relu,7,7,-6,-5,0.5051806640625
relu,7,7,-6,-4,0.4892822265625
relu,7,7,-6,-3,0.4992919921875
relu,7,7,-6,-2,0.495947265625
relu,7,7,-6,-1,0.44375
relu,7,7,-6,0,0.3645703125
relu,1,1,-5,-5,0.6774560546875
relu,1,1,-5,-4,0.662802734375
relu,1,1,-5,-3,0.5511865234375
relu,1,1,-5,-2,0.7034765625
relu,1,1,-5,-1,0.626142578125
relu,1,1,-5,0,0.570107421875
relu,4,1,-5,-5,0.5301708984375
relu,4,1,-5,-4,0.5183447265625
relu,4,1,-5,-3,0.6023291015625
relu,4,1,-5,-2,0.5166552734375
relu,4,1,-5,-1,0.5335986328125
relu,4,1,-5,0,0.524130859375
relu,7,1,-5,-5,0.514443359375
relu,7,1,-5,-4,0.5123583984375
relu,7,1,-5,-3,0.5148974609375
relu,7,1,-5,-2,0.49328125
relu,7,1,-5,-1,0.467626953125
relu,7,1,-5,0,0.5046533203125
relu,1,4,-5,-5,0.5564697265625
relu,1,4,-5,-4,0.505078125
relu,1,4,-5,-3,0.5461083984375
relu,1,4,-5,-2,0.5208203125
relu,1,4,-5,-1,0.53005859375
relu,1,4,-5,0,0.4928515625
relu,4,4,-5,-5,0.512900390625
relu,4,4,-5,-4,0.4939404296875
relu,4,4,-5,-3,0.502392578125
relu,4,4,-5,-2,0.5152392578125
relu,4,4,-5,-1,0.4370654296875
relu,4,4,-5,0,0.37798828125
relu,7,4,-5,-5,0.4885302734375
relu,7,4,-5,-4,0.4926904296875
relu,7,4,-5,-3,0.4936328125
relu,7,4,-5,-2,0.478310546875
relu,7,4,-5,-1,0.4261572265625
relu,7,4,-5,0,0.433369140625
relu,1,7,-5,-5,0.5146240234375
relu,1,7,-5,-4,0.5164208984375
relu,1,7,-5,-3,0.5108642578125
relu,1,7,-5,-2,0.5188916015625
relu,1,7,-5,-1,0.4735009765625
relu,1,7,-5,0,0.4554296875
relu,4,7,-5,-5,0.49583984375
relu,4,7,-5,-4,0.5005859375
relu,4,7,-5,-3,0.50013671875
relu,4,7,-5,-2,0.4903076171875
relu,4,7,-5,-1,0.4323828125
relu,4,7,-5,0,0.4061376953125
relu,7,7,-5,-5,0.4939013671875
relu,7,7,-5,-4,0.4860302734375
relu,7,7,-5,-3,0.48291015625
relu,7,7,-5,-2,0.4731103515625
relu,7,7,-5,-1,0.4269140625
relu,7,7,-5,0,0.35296875
relu,1,1,-4,-4,0.8593798828125
relu,1,1,-4,-3,0.7589453125
relu,1,1,-4,-2,0.839755859375
relu,1,1,-4,-1,0.7679736328125
relu,1,1,-4,0,0.7298291015625
relu,4,1,-4,-4,0.5832958984375
relu,4,1,-4,-3,0.6072705078125
relu,4,1,-4,-2,0.5041845703125
relu,4,1,-4,-1,0.503046875
relu,4,1,-4,0,0.5121484375
relu,7,1,-4,-4,0.5040966796875
relu,7,1,-4,-3,0.5302978515625
relu,7,1,-4,-2,0.4835791015625
relu,7,1,-4,-1,0.5715283203125
relu,7,1,-4,0,0.4766064453125
relu,1,4,-4,-4,0.5240478515625
relu,1,4,-4,-3,0.607119140625
relu,1,4,-4,-2,0.577802734375
relu,1,4,-4,-1,0.5548193359375
relu,1,4,-4,0,0.5365673828125
relu,4,4,-4,-4,0.501337890625
relu,4,4,-4,-3,0.5217041015625
relu,4,4,-4,-2,0.520322265625
relu,4,4,-4,-1,0.399599609375
relu,4,4,-4,0,0.4141455078125
relu,7,4,-4,-4,0.4967041015625
relu,7,4,-4,-3,0.5059326171875
relu,7,4,-4,-2,0.4925537109375
relu,7,4,-4,-1,0.4103076171875
relu,7,4,-4,0,0.3683837890625
relu,1,7,-4,-4,0.50748046875
relu,1,7,-4,-3,0.525537109375
relu,1,7,-4,-2,0.5209228515625
relu,1,7,-4,-1,0.492216796875
relu,1,7,-4,0,0.5270703125
relu,4,7,-4,-4,0.4935693359375
relu,4,7,-4,-3,0.52833984375
relu,4,7,-4,-2,0.50876953125
relu,4,7,-4,-1,0.4286962890625
relu,4,7,-4,0,0.3479541015625
relu,7,7,-4,-4,0.506337890625
relu,7,7,-4,-3,0.4986181640625
relu,7,7,-4,-2,0.46599609375
relu,7,7,-4,-1,0.4436962890625
relu,7,7,-4,0,0.35951171875
relu,1,1,-3,-3,0.84125
relu,1,1,-3,-2,0.82572265625
relu,1,1,-3,-1,0.9181884765625
relu,1,1,-3,0,0.8361083984375
relu,4,1,-3,-3,0.664384765625
relu,4,1,-3,-2,0.696484375
relu,4,1,-3,-1,0.6190625
relu,4,1,-3,0,0.6744287109375
relu,7,1,-3,-3,0.61693359375
relu,7,1,-3,-2,0.6014892578125
relu,7,1,-3,-1,0.565712890625
relu,7,1,-3,0,0.5371826171875
relu,1,4,-3,-3,0.68490234375
relu,1,4,-3,-2,0.66091796875
relu,1,4,-3,-1,0.620166015625
relu,1,4,-3,0,0.6106640625
relu,4,4,-3,-3,0.619677734375
relu,4,4,-3,-2,0.6011669921875
relu,4,4,-3,-1,0.41931640625
relu,4,4,-3,0,0.4627783203125
relu,7,4,-3,-3,0.5512841796875
relu,7,4,-3,-2,0.5592724609375
relu,7,4,-3,-1,0.4151904296875
relu,7,4,-3,0,0.326328125
relu,1,7,-3,-3,0.581298828125
relu,1,7,-3,-2,0.6143994140625
relu,1,7,-3,-1,0.57109375
relu,1,7,-3,0,0.526201171875
relu,4,7,-3,-3,0.540283203125
relu,4,7,-3,-2,0.53361328125
relu,4,7,-3,-1,0.4166845703125
relu,4,7,-3,0,0.37564453125
relu,7,7,-3,-3,0.5219482421875
relu,7,7,-3,-2,0.517294921875
relu,7,7,-3,-1,0.3714208984375
relu,7,7,-3,0,0.3797314453125
relu,1,1,-2,-2,0.624716796875
relu,1,1,-2,-1,0.6494921875
relu,1,1,-2,0,0.63619140625
relu,4,1,-2,-2,0.6882958984375
relu,4,1,-2,-1,0.5101318359375
relu,4,1,-2,0,0.5619287109375
relu,7,1,-2,-2,0.63318359375
relu,7,1,-2,-1,0.539072265625
relu,7,1,-2,0,0.523037109375
relu,1,4,-2,-2,0.60890625
relu,1,4,-2,-1,0.5225341796875
relu,1,4,-2,0,0.5769189453125
relu,4,4,-2,-2,0.5406689453125
relu,4,4,-2,-1,0.4158056640625
relu,4,4,-2,0,0.3709716796875
relu,7,4,-2,-2,0.4924072265625
relu,7,4,-2,-1,0.363994140625
relu,7,4,-2,0,0.339462890625
relu,1,7,-2,-2,0.6091259765625
relu,1,7,-2,-1,0.5193701171875
relu,1,7,-2,0,0.4912451171875
relu,4,7,-2,-2,0.5106689453125
relu,4,7,-2,-1,0.37060546875
relu,4,7,-2,0,0.33330078125
relu,7,7,-2,-2,0.49169921875
relu,7,7,-2,-1,0.312490234375
relu,7,7,-2,0,0.2994873046875
relu,1,1,-1,-1,0.44337890625
relu,1,1,-1,0,0.4448046875
relu,4,1,-1,-1,0.4220263671875
relu,4,1,-1,0,0.389521484375
relu,7,1,-1,-1,0.4178173828125
relu,7,1,-1,0,0.4431494140625
relu,1,4,-1,-1,0.433349609375
relu,1,4,-1,0,0.4120751953125
relu,4,4,-1,-1,0.3053466796875
relu,4,4,-1,0,0.343330078125
relu,7,4,-1,-1,0.27724609375
relu,7,4,-1,0,0.2787744140625
relu,1,7,-1,-1,0.4426806640625
relu,1,7,-1,0,0.434599609375
relu,4,7,-1,-1,0.2970849609375
relu,4,7,-1,0,0.278916015625
relu,7,7,-1,-1,0.25798828125
relu,7,7,-1,0,0.224716796875
relu,1,1,0,0,0.999970703125
relu,4,1,0,0,0.5136474609375
relu,7,1,0,0,0.4611572265625
relu,1,4,0,0,0.741748046875
relu,4,4,0,0,0.391435546875
relu,7,4,0,0,0.279423828125
relu,1,7,0,0,0.4531298828125
relu,4,7,0,0,0.345908203125
relu,7,7,0,0,0.29556640625
linear,1,1,-6,-6,0.4917431640625
linear,1,1,-6,-5,0.4908349609375
linear,1,1,-6,-4,0.508935546875
linear,1,1,-6,-3,0.5170068359375
linear,1,1,-6,-2,0.4903955078125
linear,1,1,-6,-1,0.489599609375
linear,1,1,-6,0,0.511669921875
linear,4,1,-6,-6,0.4933447265625
linear,4,1,-6,-5,0.48314453125
linear,4,1,-6,-4,0.4993359375
linear,4,1,-6,-3,0.4853173828125
linear,4,1,-6,-2,0.4217822265625
linear,4,1,-6,-1,0.3693603515625
linear,4,1,-6,0,0.38466796875
linear,7,1,-6,-6,0.5010595703125
linear,7,1,-6,-5,0.505966796875
linear,7,1,-6,-4,0.4956591796875
linear,7,1,-6,-3,0.4911376953125
linear,7,1,-6,-2,0.4749560546875
linear,7,1,-6,-1,0.427021484375
linear,7,1,-6,0,0.3788623046875
linear,1,4,-6,-6,0.5079345703125
linear,1,4,-6,-5,0.5075634765625
linear,1,4,-6,-4,0.49470703125
linear,1,4,-6,-3,0.4917138671875
linear,1,4,-6,-2,0.44248046875
linear,1,4,-6,-1,0.38068359375
linear,1,4,-6,0,0.3871044921875
linear,4,4,-6,-6,0.5113623046875
linear,4,4,-6,-5,0.50140625
linear,4,4,-6,-4,0.488330078125
linear,4,4,-6,-3,0.4873876953125
linear,4,4,-6,-2,0.4310888671875
linear,4,4,-6,-1,0.39123046875
linear,4,4,-6,0,0.3854833984375
linear,7,4,-6,-6,0.4885107421875
linear,7,4,-6,-5,0.4957568359375
linear,7,4,-6,-4,0.506357421875
linear,7,4,-6,-3,0.4910107421875
linear,7,4,-6,-2,0.451865234375
linear,7,4,-6,-1,0.3955322265625
linear,7,4,-6,0,0.374873046875
linear,1,7,-6,-6,0.5030224609375
linear,1,7,-6,-5,0.5155517578125
linear,1,7,-6,-4,0.4998193359375
linear,1,7,-6,-3,0.4831298828125
linear,1,7,-6,-2,0.449755859375
linear,1,7,-6,-1,0.395478515625
linear,1,7,-6,0,0.382958984375
linear,4,7,-6,-6,0.5025048828125
linear,4,7,-6,-5,0.4783251953125
linear,4,7,-6,-4,0.4861474609375
linear,4,7,-6,-3,0.4901708984375
linear,4,7,-6,-2,0.4491943359375
linear,4,7,-6,-1,0.3880078125
linear,4,7,-6,0,0.3872314453125
linear,7,7,-6,-6,0.49388671875
linear,7,7,-6,-5,0.4977783203125
linear,7,7,-6,-4,0.494296875
linear,7,7,-6,-3,0.5140771484375
linear,7,7,-6,-2,0.4517626953125
linear,7,7,-6,-1,0.4197900390625
linear,7,7,-6,0,0.3934228515625
linear,1,1,-5,-5,0.505322265625
linear,1,1,-5,-4,0.50626953125
linear,1,1,-5,-3,0.508076171875
linear,1,1,-5,-2,0.5097998046875
linear,1,1,-5,-1,0.500517578125
linear,1,1,-5,0,0.4833251953125
linear,4,1,-5,-5,0.4969873046875
linear,4,1,-5,-4,0.5085302734375
linear,4,1,-5,-3,0.49650390625
linear,4,1,-5,-2,0.430341796875
linear,4,1,-5,-1,0.3525
linear,4,1,-5,0,0.3772314453125
linear,7,1,-5,-5,0.506337890625
linear,7,1,-5,-4,0.4939013671875
linear,7,1,-5,-3,0.4920703125
linear,7,1,-5,-2,0.44142578125
linear,7,1,-5,-1,0.3936328125
linear,7,1,-5,0,0.36251953125
linear,1,4,-5,-5,0.4839501953125
linear,1,4,-5,-4,0.4884619140625
linear,1,4,-5,-3,0.508525390625
linear,1,4,-5,-2,0.4369384765625
linear,1,4,-5,-1,0.36689453125
linear,1,4,-5,0,0.378935546875
linear,4,4,-5,-5,0.4923583984375
linear,4,4,-5,-4,0.502216796875
linear,4,4,-5,-3,0.4799560546875
linear,4,4,-5,-2,0.431142578125
linear,4,4,-5,-1,0.34291015625
linear,4,4,-5,0,0.3638916015625
linear,7,4,-5,-5,0.50767578125
linear,7,4,-5,-4,0.49587890625
linear,7,4,-5,-3,0.4827001953125
linear,7,4,-5,-2,0.429072265625
linear,7,4,-5,-1,0.3927392578125
linear,7,4,-5,0,0.3591455078125
linear,1,7,-5,-5,0.497431640625
linear,1,7,-5,-4,0.494921875
linear,1,7,-5,-3,0.48806640625
linear,1,7,-5,-2,0.452734375
linear,1,7,-5,-1,0.3734619140625
linear,1,7,-5,0,0.3471484375
linear,4,7,-5,-5,0.5038330078125
linear,4,7,-5,-4,0.509306640625
linear,4,7,-5,-3,0.48638671875
linear,4,7,-5,-2,0.4500732421875
linear,4,7,-5,-1,0.371748046875
linear,4,7,-5,0,0.3667138671875
linear,7,7,-5,-5,0.5120263671875
linear,7,7,-5,-4,0.50841796875
linear,7,7,-5,-3,0.4989697265625
linear,7,7,-5,-2,0.4623828125
linear,7,7,-5,-1,0.3921044921875
linear,7,7,-5,0,0.3718408203125
linear,1,1,-4,-4,0.48666015625
linear,1,1,-4,-3,0.4897705078125
linear,1,1,-4,-2,0.4865966796875
linear,1,1,-4,-1,0.473505859375
linear,1,1,-4,0,0.4947900390625
linear,4,1,-4,-4,0.4931787109375
linear,4,1,-4,-3,0.4809619140625
linear,4,1,-4,-2,0.406591796875
linear,4,1,-4,-1,0.3329541015625
linear,4,1,-4,0,0.3532421875
linear,7,1,-4,-4,0.4816552734375
linear,7,1,-4,-3,0.493203125
linear,7,1,-4,-2,0.4268994140625
linear,7,1,-4,-1,0.33640625
linear,7,1,-4,0,0.33796875
linear,1,4,-4,-4,0.4881640625
linear,1,4,-4,-3,0.478828125
linear,1,4,-4,-2,0.4105419921875
linear,1,4,-4,-1,0.34005859375
linear,1,4,-4,0,0.34921875
linear,4,4,-4,-4,0.4810498046875
linear,4,4,-4,-3,0.4531396484375
linear,4,4,-4,-2,0.4201806640625
linear,4,4,-4,-1,0.3195947265625
linear,4,4,-4,0,0.3718701171875
linear,7,4,-4,-4,0.486669921875
linear,7,4,-4,-3,0.4938818359375
linear,7,4,-4,-2,0.41216796875
linear,7,4,-4,-1,0.3373486328125
linear,7,4,-4,0,0.344365234375
linear,1,7,-4,-4,0.495595703125
linear,1,7,-4,-3,0.4969677734375
linear,1,7,-4,-2,0.4307568359375
linear,1,7,-4,-1,0.3621826171875
linear,1,7,-4,0,0.33720703125
linear,4,7,-4,-4,0.51537109375
linear,4,7,-4,-3,0.4812890625
linear,4,7,-4,-2,0.4311669921875
linear,4,7,-4,-1,0.363037109375
linear,4,7,-4,0,0.35158203125
linear,7,7,-4,-4,0.4770458984375
linear,7,7,-4,-3,0.48216796875
linear,7,7,-4,-2,0.4334912109375
linear,7,7,-4,-1,0.3587060546875
linear,7,7,-4,0,0.354833984375
linear,1,1,-3,-3,0.406015625
linear,1,1,-3,-2,0.41509765625
linear,1,1,-3,-1,0.3994921875
linear,1,1,-3,0,0.3791357421875
linear,4,1,-3,-3,0.44234375
linear,4,1,-3,-2,0.3569384765625
linear,4,1,-3,-1,0.277900390625
linear,4,1,-3,0,0.3314990234375
linear,7,1,-3,-3,0.4519970703125
linear,7,1,-3,-2,0.3686865234375
linear,7,1,-3,-1,0.2839453125
linear,7,1,-3,0,0.3082763671875
linear,1,4,-3,-3,0.4329443359375
linear,1,4,-3,-2,0.3540576171875
linear,1,4,-3,-1,0.2716455078125
linear,1,4,-3,0,0.332841796875
linear,4,4,-3,-3,0.461416015625
linear,4,4,-3,-2,0.3612109375
linear,4,4,-3,-1,0.2762353515625
linear,4,4,-3,0,0.3342822265625
linear,7,4,-3,-3,0.4438037109375
linear,7,4,-3,-2,0.3704052734375
linear,7,4,-3,-1,0.2915087890625
linear,7,4,-3,0,0.3164111328125
linear,1,7,-3,-3,0.4558935546875
linear,1,7,-3,-2,0.3605224609375
linear,1,7,-3,-1,0.2840869140625
linear,1,7,-3,0,0.3119775390625
linear,4,7,-3,-3,0.466669921875
linear,4,7,-3,-2,0.3688330078125
linear,4,7,-3,-1,0.3094775390625
linear,4,7,-3,0,0.3267529296875
linear,7,7,-3,-3,0.4762451171875
linear,7,7,-3,-2,0.37982421875
linear,7,7,-3,-1,0.2945751953125
linear,7,7,-3,0,0.3138623046875
linear,1,1,-2,-2,0.2039453125
linear,1,1,-2,-1,0.194287109375
linear,1,1,-2,0,0.2090185546875
linear,4,1,-2,-2,0.23283203125
linear,4,1,-2,-1,0.2015771484375
linear,4,1,-2,0,0.2929150390625
linear,7,1,-2,-2,0.2526025390625
linear,7,1,-2,-1,0.2052001953125
linear,7,1,-2,0,0.2446484375
linear,1,4,-2,-2,0.245673828125
linear,1,4,-2,-1,0.2040283203125
linear,1,4,-2,0,0.3067236328125
linear,4,4,-2,-2,0.262021484375
linear,4,4,-2,-1,0.209423828125
linear,4,4,-2,0,0.285009765625
linear,7,4,-2,-2,0.25931640625
linear,7,4,-2,-1,0.2099169921875
linear,7,4,-2,0,0.292978515625
linear,1,7,-2,-2,0.2607958984375
linear,1,7,-2,-1,0.213291015625
linear,1,7,-2,0,0.258330078125
linear,4,7,-2,-2,0.2564794921875
linear,4,7,-2,-1,0.20267578125
linear,4,7,-2,0,0.300732421875
linear,7,7,-2,-2,0.295
linear,7,7,-2,-1,0.21578125
linear,7,7,-2,0,0.2671337890625
linear,1,1,-1,-1,0.1127587890625
linear,1,1,-1,0,0.1198779296875
linear,4,1,-1,-1,0.166796875
linear,4,1,-1,0,0.2653271484375
linear,7,1,-1,-1,0.1869775390625
linear,7,1,-1,0,0.288701171875
linear,1,4,-1,-1,0.1683056640625
linear,1,4,-1,0,0.2554736328125
linear,4,4,-1,-1,0.1828955078125
linear,4,4,-1,0,0.3098779296875
linear,7,4,-1,-1,0.1922412109375
linear,7,4,-1,0,0.29705078125
linear,1,7,-1,-1,0.1860205078125
linear,1,7,-1,0,0.2683251953125
linear,4,7,-1,-1,0.1993310546875
linear,4,7,-1,0,0.295771484375
linear,7,7,-1,-1,0.213837890625
linear,7,7,-1,0,0.3082470703125
linear,1,1,0,0,0.1541796875
linear,4,1,0,0,0.343603515625
linear,7,1,0,0,0.391357421875
linear,1,4,0,0,0.3347021484375
linear,4,4,0,0,0.409482421875
linear,7,4,0,0,0.4128125
linear,1,7,0,0,0.4011669921875
linear,4,7,0,0,0.3904833984375
linear,7,7,0,0,0.418544921875
